Data Nascimento,Sexo,Raça,Estrangeiro,Nacionalidade,Naturalidade,UF Naturalidade,Período,Situação atual,Data ocorrência,Estrutura,Período ingresso,Tipo ingresso,IMI,Coeficiente,Tipo de demanda,rga_anonimo
2000-01-14,Masculino,"Pardo(a),Mulato(a)",Não,BRASILEIRO,ARAGARCAS,GO,20232,MATRICULADO NO PERÍODO,2023-11-16,20191,20181,INGRESSO POR PROCESSO SELETIVO ENEM (SISU),56.7,5.49,L6 - Estudante preto pardo ou indígena de escola pública,af05b362ddb9224c4589b23cbf119b60ce7e26300b6a3a2ec1bd2a4de86b098c
1997-04-26,Masculino,"Pardo(a),Mulato(a)",Não,BRASILEIRO,SAO JOSE DO JACUIPE,BA,20232,AFASTAMENTO POR BLOQUEIO DE MATRICULA,2023-11-10,20191,20171,INGRESSO POR PROCESSO SELETIVO ENEM (SISU),35.8,4.42,Ampla Concorrência,208844f5f871e3b92a344f0a6f7782b209872e5667ea13efbede45cc26cb7a97
1999-09-04,Masculino,Negra,Não,BRASILEIRO,BARRA DO GARCAS,MT,20232,MATRICULADO NO PERÍODO,2023-12-01,20191,20171,INGRESSO POR PROCESSO SELETIVO ENEM (SISU),50.1,5.93,Ampla Concorrência,157770a9bd112bd511d5fed47b295121e2be2e9d082f84c7ee9d706baf28160e
1994-06-05,Masculino,"Pardo(a),Mulato(a)",Não,BRASILEIRO,SAO JOSÉ DO XINGU,MT,20232,AFASTAMENTO POR BLOQUEIO DE MATRICULA,2023-11-10,20191,20131,INGRESSO POR PROCESSO SELETIVO ENEM (SISU),59.7,7.03,L4 - Estudante preto pardo ou indígena de escola pública,71260f57df37913cf04b8a5f882737c071c9313b201158471e507f556ef7acb2
2004-05-24,Feminino,Branca,Não,BRASILEIRO,GOIANIA,GO,20232,AFASTAMENTO POR TRANCAMENTO DE MATRICULA,2023-11-30,20191,20221,INGRESSO POR PROCESSO SELETIVO ESPECÍFICO,50.8,4.78,Ampla Concorrência,d517234d3868dee3fc27d4ff1dee463e9d68b45d51ad228d1d102c2a717ddabc
2001-12-09,Masculino,"Pardo(a),Mulato(a)",Não,BRASILEIRO,CUIABA,MT,20232,MATRICULADO NO PERÍODO,2023-11-16,20191,20201,INGRESSO POR PROCESSO SELETIVO ENEM (SISU),79.5,6.6,"L2 - Renda igual ou inferior 1,5 salário mínimo e estudante preto pardo ou indígena de esc. pública",82de88a9b8b585a4b15693305e06cdeffe96f42ed1bb0d04a254929aae2a88d8
2002-06-07,Masculino,"Pardo(a),Mulato(a)",Não,BRASILEIRO,BARRA DO GARCAS,MT,20232,MATRICULADO NO PERÍODO,2023-11-16,20191,20221,INGRESSO POR PROCESSO SELETIVO ENEM (SISU),40.6,4.1,L6 - Estudante preto pardo ou indígena de escola pública,06798767ef945057f1fe2ce7c8d300cd13489513bae7db508c6337ba502bcc61
1999-05-01,Masculino,Branca,Não,BRASILEIRO,BARRA DO GARCAS,MT,20232,AFASTAMENTO POR BLOQUEIO DE MATRICULA,2024-01-09,20191,20181,INGRESSO POR PROCESSO SELETIVO ENEM (SISU),7.6,2.08,L5 - Estudante de escola pública,19eb01a83c541e925f1c3f3d2d6ab74bc197f53d7e09b1889723c2c4aeabcb77
2005-03-12,Masculino,"Pardo(a),Mulato(a)",Não,BRASILEIRO,BARRA DO GARCAS,MT,20232,MATRICULADO NO PERÍODO,2023-11-16,20191,20231,INGRESSO POR PROCESSO SELETIVO ENEM (SISU),68.6,4.99,"L2 - Renda igual ou inferior 1,5 salário mínimo e estudante preto pardo ou indígena de esc. pública",7894ee0cc4b122fc6160b44d986f7513fdc6d17ff2f219842ab3ae442f86648a
2004-11-10,Feminino,Não Informado,Não,BRASILEIRO,CONFRESA,MT,20232,MATRICULADO NO PERÍODO,2023-11-16,20191,20231,INGRESSO POR PROCESSO SELETIVO ENEM (SISU),15.2,2.55,Ampla Concorrência,41b26c65e85eb112f4cf57669f8d314c1c686eed26780e34847e9a0f841ac594
1970-08-29,Feminino,"Pardo(a),Mulato(a)",Não,BRASILEIRO,BRASILIA,DF,20232,AFASTAMENTO POR TRANCAMENTO DE MATRICULA,2023-11-30,20191,20211,INGRESSO POR PROCESSO SELETIVO ENEM (SISU),40.0,3.42,"L2 - Renda igual ou inferior 1,5 salário mínimo e estudante preto pardo ou indígena de esc. pública",12fb7ec28ac77ae7a50860a5555f7b92ef2cf12bcf537ddcab8e5cefa86135a7
2005-11-08,Feminino,"Pardo(a),Mulato(a)",Não,BRASILEIRO,PIRANHAS,GO,20232,MATRICULADO NO PERÍODO,2023-11-16,20191,20231,INGRESSO POR PROCESSO SELETIVO ENEM (SISU),61.0,5.75,"L2 - Renda igual ou inferior 1,5 salário mínimo e estudante preto pardo ou indígena de esc. pública",f837e10fbea21572db241ae4162b6de885e5e6b7858b8899185d8b7f3fc84437
2001-08-12,Masculino,"Pardo(a),Mulato(a)",Não,BRASILEIRO,PIMENTA BUENO,RO,20232,MATRICULADO NO PERÍODO,2023-11-16,20191,20201,INGRESSO POR PROCESSO SELETIVO ENEM (SISU),84.9,6.97,Ampla Concorrência,2c05732ae24510a0f84c0e3fc36ffbfbf0c818cd4c45531b67ece5b54baed0a1
2003-02-06,Masculino,"Pardo(a),Mulato(a)",Não,BRASILEIRO,CANARANA,MT,20232,MATRICULADO NO PERÍODO,2023-11-16,20191,20211,INGRESSO POR PROCESSO SELETIVO ENEM (SISU),67.0,5.46,Ampla Concorrência,c169413cb27fd886e0bc2c91aba66202518d36a3174f8a56cf070b4d7153fa3c
1998-08-31,Masculino,"Pardo(a),Mulato(a)",Não,BRASILEIRO,BARRA DO GARCAS,MT,20232,MATRICULADO NO PERÍODO,2023-11-17,20191,20161,INGRESSO POR PROCESSO SELETIVO ENEM (SISU),50.3,5.47,L4 - Estudante preto pardo ou indígena de escola pública,785d86a56bc7fc89b3fe8c0d939637e6cb2bcc217dc0982b2e4f56d34883469c
2002-12-11,Masculino,"Pardo(a),Mulato(a)",Não,BRASILEIRO,BARRA DO GARCAS,MT,20232,MATRICULADO NO PERÍODO,2023-11-16,20191,20221,INGRESSO POR PROCESSO SELETIVO ENEM (SISU),40.6,4.26,Ampla Concorrência,7ba5a7334de7b1126f461af723a07c780fc38280a1a36b78b9c51714e5b61b18
2004-04-02,Masculino,Branca,Não,BRASILEIRO,BARRA DO GARCAS,MT,20232,MATRICULADO NO PERÍODO,2023-11-16,20191,20231,INGRESSO POR PROCESSO SELETIVO ESPECÍFICO,7.6,1.43,L5 - Estudante de escola pública,2319a2bdd1ebd206ee2122486144722a3149b3183fd665693ad9b1e786e80746
2005-04-04,Masculino,Não Informado,Não,BRASILEIRO,SORRISO,MT,20232,MATRICULADO NO PERÍODO,2023-11-23,20191,20231,INGRESSO POR PROCESSO SELETIVO ENEM (SISU),83.8,6.44,Ampla Concorrência,c044bf9eb392a53fe995917ba5d8e221f1702d0b9e53136e7d81bec019e4bf27
1999-09-23,Masculino,"Pardo(a),Mulato(a)",Não,BRASILEIRO,SANTA TEREZINHA,MT,20232,AFASTAMENTO POR BLOQUEIO DE MATRICULA,2024-01-09,20191,20191,INGRESSO POR PROCESSO SELETIVO ENEM (SISU),6.1,1.73,L6 - Estudante preto pardo ou indígena de escola pública,ec9456e470382697e96c8a04a17a13f05ac27a28455f057b4611124b487bf1ee
2005-07-28,Masculino,"Pardo(a),Mulato(a)",Não,BRASILEIRO,EUNAPOLIS,BA,20232,MATRICULADO NO PERÍODO,2023-11-16,20191,20231,INGRESSO POR PROCESSO SELETIVO ENEM (SISU),83.8,6.02,Ampla Concorrência,1350e56c6971f3c358f6b7b545b3fdbebc9546f096592013784d68ba9766c2a4
2003-04-24,Feminino,Branca,Não,BRASILEIRO,SAO PAULO,SP,20232,MATRICULADO NO PERÍODO,2023-11-16,20191,20211,INGRESSO POR PROCESSO SELETIVO ENEM (SISU),73.1,6.69,Ampla Concorrência,7fcd895727c75ab994f5336c4f4a856451c80277d7dfca45fd580fc7595ae393
2001-02-19,Feminino,"Pardo(a),Mulato(a)",Não,BRASILEIRO,CUIABÁ,MT,20232,AFASTAMENTO POR BLOQUEIO DE MATRICULA,2024-01-09,20191,20191,INGRESSO POR PROCESSO SELETIVO ENEM (SISU),19.6,3.06,"L2 - Renda igual ou inferior 1,5 salário mínimo e estudante preto pardo ou indígena de esc. pública",76e6d7defd3e872d20072580ea4423d4026f3b076060dfddc205957d192b5f5d
1995-12-30,Masculino,"Pardo(a),Mulato(a)",Não,BRASILEIRO,POXOREO,MT,20232,AFASTAMENTO POR BLOQUEIO DE MATRICULA,2024-01-09,20191,20191,INGRESSO POR PROCESSO SELETIVO ENEM (SISU),24.8,3.98,"L1 - Renda igual ou inferior 1,5 salário mínimo e estudante de escola pública",6f773c629aa8fba681c9974b1c4136b9ac8ff0db9f48b3fd4a9e80423afce321
2003-06-03,Masculino,"Pardo(a),Mulato(a)",Não,BRASILEIRO,RIO DE JANEIRO,RJ,20232,MATRICULADO NO PERÍODO,2023-12-01,20191,20211,INGRESSO POR PROCESSO SELETIVO ENEM (SISU),32.4,4.0,Ampla Concorrência,5ea9d41bdc635eb3f1f3a6361292d179fdb27ccc6919a34adc58f95a7b540c78
1994-04-18,Masculino,Não Informado,Não,BRASILEIRO,Nova Xavantina - MT,MT,20232,MATRICULADO NO PERÍODO,2023-11-16,20191,20181,INGRESSO POR PROCESSO SELETIVO ENEM (SISU),61.0,4.57,Ampla Concorrência,7152b5338262765caeccb375999ecc2422c5369bc0155edc0a33c24d59bb9c85
2005-06-06,Feminino,"Pardo(a),Mulato(a)",Não,BRASILEIRO,CUIABA,MT,20232,MATRICULADO NO PERÍODO,2023-11-16,20191,20231,INGRESSO POR PROCESSO SELETIVO ENEM (SISU),83.8,6.23,"L1 - Renda igual ou inferior 1,5 salário mínimo e estudante de escola pública",980793c8cddca1c03f3c09f63e8ee72fb043d02bfafb1339bf00c171a92e0486
2001-08-30,Masculino,Negra,Não,BRASILEIRO,NOVA XAVANTINA,MT,20232,MATRICULADO NO PERÍODO,2023-11-16,20191,20191,INGRESSO POR PROCESSO SELETIVO ENEM (SISU),41.9,4.13,Ampla Concorrência,6ab7dd030ffe4492e336f66411650733254f6f44bfc6ea0663eed658cfa4ea1c
1989-07-05,Masculino,Branca,Não,BRASILEIRO,BARRA DO GARCAS,MT,20232,AFASTAMENTO POR BLOQUEIO DE MATRICULA,2024-01-09,20191,20211,INGRESSO POR PROCESSO SELETIVO ENEM (SISU),0.0,0.0,Ampla Concorrência,51ddf04d1f290052f353d94187c66093302452383e607698682e4a7de78b34a4
2003-11-15,Masculino,"Pardo(a),Mulato(a)",Não,BRASILEIRO,SAO JOSE DO RIO PRETO,SP,20232,MATRICULADO NO PERÍODO,2023-11-16,20191,20221,INGRESSO POR PROCESSO SELETIVO ENEM (SISU),86.3,6.93,L6 - Estudante preto pardo ou indígena de escola pública,7b630d5ac3797cdead584ee5cd68e51ba723f3abd4555642338a5fb0fc77a7f5
1994-07-17,Masculino,"Pardo(a),Mulato(a)",Não,BRASILEIRO,ARAGARCAS,GO,20232,AFASTAMENTO POR BLOQUEIO DE MATRICULA,2024-01-09,20191,20211,INGRESSO POR PROCESSO SELETIVO ESPECÍFICO,0.0,1.43,L5 - Estudante de escola pública,380bfc1ffda6babb57a8369eef0c1c9a18762a196102769e3456223aecb1bec3
1997-06-04,Feminino,Branca,Não,BRASILEIRO,JUINA,MT,20232,AFASTAMENTO POR BLOQUEIO DE MATRICULA,2024-01-09,20191,20211,INGRESSO POR PROCESSO SELETIVO ESPECÍFICO,0.0,0.0,L5 - Estudante de escola pública,6f2156173cb1b1c8df283e924ced07d60738decbd677e8766ad80049bc8c610c
2001-10-31,Feminino,Branca,Não,BRASILEIRO,IPATINGA,MG,20232,MATRICULADO NO PERÍODO,2023-11-16,20191,20231,INGRESSO POR PROCESSO SELETIVO ENEM (SISU),15.2,3.58,Ampla Concorrência,845af51d5738804b2e376e0b08a4edc18f796629831da1b7244dba58d3cc037e
1999-08-18,Masculino,Branca,Não,BRASILEIRO,MONTES CLAROS DE GOIAS,GO,20232,AFASTAMENTO POR BLOQUEIO DE MATRICULA,2024-01-09,20191,20171,INGRESSO POR PROCESSO SELETIVO ENEM (SISU),20.8,3.13,Ampla Concorrência,48a9d2858ad1d505b1b2de038c4130b82cec73076163eb138f7ac78047cd8163
2004-03-18,Masculino,"Pardo(a),Mulato(a)",Não,BRASILEIRO,VILHENA,RO,20232,MATRICULADO NO PERÍODO,2023-11-16,20191,20221,INGRESSO POR PROCESSO SELETIVO ENEM (SISU),91.4,6.56,L6 - Estudante preto pardo ou indígena de escola pública,be40ab68f3ea25f8c8c3b600845d7a2356dd521deb769042a091148464a19708
2002-08-06,Masculino,Branca,Não,BRASILEIRO,PIRANHAS,GO,20232,MATRICULADO NO PERÍODO,2023-11-16,20191,20211,INGRESSO POR PROCESSO SELETIVO ENEM (SISU),57.9,4.84,Ampla Concorrência,3cb35fafe4a613bc0b0127b0df67249c6a2b2a0cb360e81dc771552aa57b37fe
2001-09-20,Masculino,Branca,Não,BRASILEIRO,RONDONOPOLIS,MT,20232,AFASTAMENTO POR BLOQUEIO DE MATRICULA,2024-01-09,20191,20201,INGRESSO POR PROCESSO SELETIVO ENEM (SISU),4.6,2.63,Ampla Concorrência,83abd4272f62e871767a4119542b71ed263e8487d1ba866ff9c4ec138f1431fc
2005-02-24,Masculino,Branca,Não,BRASILEIRO,BARRA DO GARCAS,MT,20232,MATRICULADO NO PERÍODO,2023-11-16,20191,20231,INGRESSO POR PROCESSO SELETIVO ENEM (SISU),0.0,1.32,Ampla Concorrência,f45110dafea9c6a3bfcf83666d991dd5180bd8a079706befcc64f85b31db234a
1991-04-24,Feminino,Negra,Não,BRASILEIRO,BARRA DO GARCAS,MT,20232,AFASTAMENTO POR BLOQUEIO DE MATRICULA,2024-01-09,20191,20181,INGRESSO POR PROCESSO SELETIVO ENEM (SISU),0.0,0.07,"L2 - Renda igual ou inferior 1,5 salário mínimo e estudante preto pardo ou indígena de esc. pública",9ca9e04d574d13b81e8d8339be64e088f49e2104848c52047b508ccf4856637a
1998-11-30,Masculino,Branca,Não,BRASILEIRO,FERNANDOPOLIS,SP,20232,AFASTAMENTO POR BLOQUEIO DE MATRICULA,2023-11-10,20191,20171,INGRESSO POR PROCESSO SELETIVO ENEM (SISU),55.2,5.71,Ampla Concorrência,c75a9218f2406680a3312e40e62322f02109302229a945c0dde7962e78a018df
2003-12-21,Masculino,Branca,Não,BRASILEIRO,PIRANHAS,GO,20232,MATRICULADO NO PERÍODO,2023-11-16,20191,20221,INGRESSO POR PROCESSO SELETIVO ENEM (SISU),78.7,6.19,L5 - Estudante de escola pública,29483ea42f6000082fac06083db34fc69974454e1009ba03dad186a2102e3f4a
2004-03-23,Masculino,Branca,Não,BRASILEIRO,ARAGARCAS,GO,20232,AFASTAMENTO POR TRANCAMENTO DE MATRICULA,2023-12-18,20191,20221,INGRESSO POR PROCESSO SELETIVO ESPECÍFICO,61.0,5.59,L5 - Estudante de escola pública,4d02ee41bbdf02d8ab7a2a3b9327590d01b08d99e8243d7395865e9f819fcd28
2003-08-27,Masculino,Branca,Não,BRASILEIRO,BARRA DO GARCAS,MT,20232,MATRICULADO NO PERÍODO,2023-11-16,20191,20222,INGRESSO POR PROCESSO SELETIVO ESPECÍFICO,72.4,8.1,L5 - Estudante de escola pública,5b1ff2b3a9d5884665894fac1643b5f640e8c2d9553c8c2213ed888dfc15271e
1988-03-31,Masculino,Branca,Não,BRASILEIRO,ALTA FLORESTA,MT,20232,MATRICULADO NO PERÍODO,2023-11-16,20191,20171,INGRESSO POR PROCESSO SELETIVO ENEM (SISU),96.2,6.17,L5 - Estudante de escola pública,3998cd22e3020ead5e48cf72dddb8005f115948a049fe32c48b7c1c2fdb64af0
2004-11-18,Feminino,"Pardo(a),Mulato(a)",Não,BRASILEIRO,CAMPO NOVO DO PARECIS,MT,20232,AFASTAMENTO POR TRANCAMENTO DE MATRICULA,2023-12-04,20191,20231,INGRESSO POR PROCESSO SELETIVO ENEM (SISU),7.6,1.26,"L2 - Renda igual ou inferior 1,5 salário mínimo e estudante preto pardo ou indígena de esc. pública",dccffdbb0a82015e6eac97556f6f199328baa036e9f04bb16dc8f34e8ff63f40
1998-09-27,Feminino,Negra,Não,BRASILEIRO,ARAGARCAS,GO,20232,MATRICULADO NO PERÍODO,2023-11-16,20191,20211,INGRESSO POR PROCESSO SELETIVO ESPECÍFICO,3.0,1.76,L5 - Estudante de escola pública,336c24f9a86f0bc03f1c026ee735bad2b00751ad4f314d30dd4adc453e159cad
1976-04-14,Masculino,"Pardo(a),Mulato(a)",Não,BRASILEIRO,FEIRA DE SANTANA,BA,20232,AFASTAMENTO POR BLOQUEIO DE MATRICULA,2024-01-09,20191,20191,INGRESSO POR PROCESSO SELETIVO ENEM (SISU),3.8,2.54,Ampla Concorrência,965875ae624a5a2c88f62d64c0099e7b0fdad287303fc5caf043bfd2d8b1a586
1981-03-26,Masculino,Negra,Não,BRASILEIRO,SAO LUIS,MA,20232,AFASTAMENTO POR BLOQUEIO DE MATRICULA,2024-01-09,20191,20181,INGRESSO POR CURSO SUPERIOR,0.0,0.0,Admissão Graduado,434dc89defefd4b473870f82993024d7a6881e71e1fce1aaf00ad6128248d5c0
2003-03-23,Masculino,"Pardo(a),Mulato(a)",Não,BRASILEIRO,BARRA DO GARCAS,MT,20232,MATRICULADO NO PERÍODO,2023-11-16,20191,20211,INGRESSO POR PROCESSO SELETIVO ENEM (SISU),71.6,6.24,Ampla Concorrência,3b24cc9fa4b8e9f7fe5107de96a5d99d02a30e5a45bb21b445896f01b06d6d70
1999-11-25,Masculino,"Pardo(a),Mulato(a)",Não,BRASILEIRO,BARRA DO GARCAS,MT,20232,MATRICULADO NO PERÍODO,2024-01-11,20191,20181,INGRESSO POR PROCESSO SELETIVO ENEM (SISU),62.3,6.56,L6 - Estudante preto pardo ou indígena de escola pública,4b731f78ef1af9cdbb6317748ea3f6478db6f78c03112bb3e97a6720edeb0949
1996-10-30,Masculino,"Pardo(a),Mulato(a)",Não,BRASILEIRO,BARRA DO GARCAS,MT,20232,AFASTAMENTO POR BLOQUEIO DE MATRICULA,2024-01-09,20191,20161,INGRESSO POR PROCESSO SELETIVO ENEM (SISU),0.0,0.09,Ampla Concorrência,8aab54065e42985fee63b422223a06080a6df8325556f5cd1979b51a6591b2e1
2003-12-11,Feminino,"Pardo(a),Mulato(a)",Não,BRASILEIRO,BARRA DO GARCAS,MT,20232,AFASTAMENTO POR TRANCAMENTO DE MATRICULA,2023-11-23,20191,20221,INGRESSO POR PROCESSO SELETIVO ENEM (SISU),22.9,2.92,"L1 - Renda igual ou inferior 1,5 salário mínimo e estudante de escola pública",e80472431ac31a522bd4aef7ae9a1a16168fb88d4062e76e1535852e1532e1a1
2003-07-13,Feminino,"Pardo(a),Mulato(a)",Não,BRASILEIRO,FAZENDA NOVA,GO,20232,MATRICULADO NO PERÍODO,2023-11-16,20191,20231,INGRESSO POR PROCESSO SELETIVO ENEM (SISU),45.7,4.14,L6 - Estudante preto pardo ou indígena de escola pública,21682cf495a9f7fc11fc14af2ee698ab2913ea555b84439bf40cffc3f957acfd
2001-11-07,Masculino,Negra,Não,BRASILEIRO,BARRA DO GARCAS,MT,20232,AFASTAMENTO POR BLOQUEIO DE MATRICULA,2024-01-09,20191,20191,INGRESSO POR PROCESSO SELETIVO ENEM (SISU),3.8,2.89,L6 - Estudante preto pardo ou indígena de escola pública,b42ed4528805cf890be7f59d20bc53d72ce90d27ed9083ca8ffcd32defa4927a
1991-12-20,Masculino,Negra,Não,BRASILEIRO,CANARANA,MT,20232,AFASTAMENTO POR TRANCAMENTO DE MATRICULA,2023-12-19,20191,20191,INGRESSO POR PROCESSO SELETIVO ENEM (SISU),14.1,2.25,"L2 - Renda igual ou inferior 1,5 salário mínimo e estudante preto pardo ou indígena de esc. pública",5c1bf5ab2b206268655b625c507f59b9941c85ecd53db4fc14d787d38cb2f742
2004-06-01,Feminino,"Pardo(a),Mulato(a)",Não,BRASILEIRO,ARAGARCAS,GO,20232,MATRICULADO NO PERÍODO,2023-11-16,20191,20231,INGRESSO POR PROCESSO SELETIVO ENEM (SISU),30.5,4.1,L6 - Estudante preto pardo ou indígena de escola pública,2d2dc65e66ba9446c892700f3789febdd7d7b5017759ac2a61a0ea2a5da8402c
2000-07-06,Masculino,Branca,Não,BRASILEIRO,BARRA DO GARCAS,MT,20232,MATRICULADO NO PERÍODO,2023-11-23,20191,20201,INGRESSO POR PROCESSO SELETIVO ENEM (SISU),14.1,2.02,Ampla Concorrência,a40d5d2aaf137efe0b39aeca2b6899a848a5b37e0fa9f39d40cb1b06ea74fdea
1991-12-07,Masculino,Branca,Não,BRASILEIRO,SAO LUIS,MA,20232,AFASTAMENTO POR BLOQUEIO DE MATRICULA,2024-01-09,20191,20181,INGRESSO POR PROCESSO SELETIVO ENEM (SISU),28.3,3.44,Ampla Concorrência,e73118cfa50806eb6ef097cd38c9b437b1be8aa376e01815481c141013326c16
2004-05-08,Feminino,Branca,Não,BRASILEIRO,SAO FELIX DO ARAGUAIA,MT,20232,MATRICULADO NO PERÍODO,2023-11-16,20191,20221,INGRESSO POR PROCESSO SELETIVO ENEM (SISU),25.4,3.19,"L1 - Renda igual ou inferior 1,5 salário mínimo e estudante de escola pública",194bb26029af3ad919dcd7b3ea7ba83bee9e0d93c8eb5fb72115bbd450b251fc
2002-08-29,Masculino,"Pardo(a),Mulato(a)",Não,BRASILEIRO,BARRA DO GARCAS,MT,20232,MATRICULADO NO PERÍODO,2023-11-16,20191,20211,INGRESSO POR PROCESSO SELETIVO ENEM (SISU),62.5,5.07,"L2 - Renda igual ou inferior 1,5 salário mínimo e estudante preto pardo ou indígena de esc. pública",e18b5ddbe04ce325e994b4a85a54f365c28385da2ed37891300535578ab14c9f
2004-09-22,Feminino,"Pardo(a),Mulato(a)",Não,BRASILEIRO,ALTAMIRA,PA,20232,MATRICULADO NO PERÍODO,2023-11-16,20191,20231,INGRESSO POR PROCESSO SELETIVO ENEM (SISU),45.7,4.8,L5 - Estudante de escola pública,3c66bb1fb31066c4fd5335bb930433f126ce82312ec83082f918f5c457d83356
2004-03-01,Masculino,Branca,Não,BRASILEIRO,CUIABA,MT,20232,AFASTAMENTO POR BLOQUEIO DE MATRICULA,2024-01-09,20191,20221,INGRESSO POR PROCESSO SELETIVO ENEM (SISU),0.0,0.06,Ampla Concorrência,487418b6b6942306cf6e3134064e0c1839678fca22ce29f4ed4590229d65ddbd
2004-03-17,Masculino,"Pardo(a),Mulato(a)",Não,BRASILEIRO,BARRA DO GARCAS,MT,20232,AFASTAMENTO POR BLOQUEIO DE MATRICULA,2024-01-09,20191,20221,INGRESSO POR PROCESSO SELETIVO ENEM (SISU),0.0,1.26,L5 - Estudante de escola pública,9e3963dacc601d6e83df57942ebe3c4de2f2a4ba842fb3410c37dbfaafd26bdc
2005-02-23,Masculino,Branca,Não,BRASILEIRO,RIO DE JANEIRO,RJ,20232,AFASTAMENTO POR TRANCAMENTO DE MATRICULA,2023-12-21,20191,20231,INGRESSO POR PROCESSO SELETIVO ENEM (SISU),7.6,1.03,Ampla Concorrência,b71a4b818b9b92f4c46c19df4ec22fa77ccfccdae7af40c78362d6dbd44d9ae1
2002-02-19,Masculino,Branca,Não,BRASILEIRO,NOVA XAVANTINA,MT,20232,MATRICULADO NO PERÍODO,2023-11-16,20191,20211,INGRESSO POR PROCESSO SELETIVO ENEM (SISU),59.4,5.86,Ampla Concorrência,65416bf94c6f9664adbf3f1f358e92501eeb7e751ca9fc69495e757cd1310b8b
2000-03-15,Masculino,Negra,Não,BRASILEIRO,BARRA DO GARCAS,MT,20232,AFASTAMENTO POR BLOQUEIO DE MATRICULA,2024-01-09,20191,20181,INGRESSO POR PROCESSO SELETIVO ENEM (SISU),0.0,1.54,Ampla Concorrência,b805a4489345c2c060b6f488d1b9d04ae7bd4d2a467c6238050597655f74e00d
1997-05-02,Masculino,"Pardo(a),Mulato(a)",Não,BRASILEIRO,CUIABA,MT,20232,AFASTAMENTO POR BLOQUEIO DE MATRICULA,2024-01-09,20191,20181,INGRESSO POR PROCESSO SELETIVO ENEM (SISU),0.0,0.0,"L10 - Candidato com deficiência com renda igual ou inferior 1,5 salário mínimo e estudante preto pardo ou indígena de esc. pública",a5415b3cfb9bf6666aad49e5cf325c0da06c2173615fa9de620cd52ab5ad5898
2003-09-07,Masculino,"Pardo(a),Mulato(a)",Não,BRASILEIRO,BARRA DO GARCAS,MT,20232,MATRICULADO NO PERÍODO,2023-11-16,20191,20221,INGRESSO POR PROCESSO SELETIVO ENEM (SISU),81.3,6.42,Ampla Concorrência,645156e50cd37953003cddcf2c89b1f220422236b58a978436879d0e2bfa84c6
2004-11-05,Masculino,"Pardo(a),Mulato(a)",Não,BRASILEIRO,JUSSARA,GO,20232,MATRICULADO NO PERÍODO,2023-11-16,20191,20231,INGRESSO POR PROCESSO SELETIVO ENEM (SISU),30.5,3.84,"L2 - Renda igual ou inferior 1,5 salário mínimo e estudante preto pardo ou indígena de esc. pública",82211ec855a67d438428984a442f31cb2c001f187fc0963072ea7991280315e3
2003-04-06,Masculino,"Pardo(a),Mulato(a)",Não,BRASILEIRO,NOVA XAVANTINA,MT,20232,MATRICULADO NO PERÍODO,2023-11-16,20191,20231,INGRESSO POR PROCESSO SELETIVO ENEM (SISU),15.2,2.74,L6 - Estudante preto pardo ou indígena de escola pública,2092d697589ddca93d27e1a972d692206cf95aa3ac9148700ea4d3cfcc2e544d
2001-08-11,Masculino,Branca,Não,BRASILEIRO,IPORA,GO,20232,MATRICULADO NO PERÍODO,2023-11-16,20191,20191,INGRESSO POR PROCESSO SELETIVO ENEM (SISU),72.0,5.49,Ampla Concorrência,83375767a28c134968d9546a0f5455f6ffa54e39f85a53949ac4d4d9c20e812e
1997-10-09,Masculino,Branca,Não,BRASILEIRO,JARU,RO,20232,AFASTAMENTO POR BLOQUEIO DE MATRICULA,2024-01-09,20191,20191,INGRESSO POR PROCESSO SELETIVO ENEM (SISU),32.7,4.95,Ampla Concorrência,8f5f5cca95a0f22f8aebf1020f02378a5fbfb35e1e26b87bcb1bed8a530de239
1998-01-25,Masculino,Branca,Não,BRASILEIRO,SANTO ANASTACIO,SP,20232,AFASTAMENTO POR BLOQUEIO DE MATRICULA,2024-01-09,20191,20181,INGRESSO POR PROCESSO SELETIVO ENEM (SISU),40.6,5.44,Ampla Concorrência,20aaea9e5897227c16e140f62b29d76883d743441abffc81373a30172b447032
2003-07-11,Feminino,Branca,Não,BRASILEIRO,BARRA DO GARCAS,MT,20232,MATRICULADO NO PERÍODO,2023-11-16,20191,20231,INGRESSO POR PROCESSO SELETIVO ESPECÍFICO,30.5,2.86,L5 - Estudante de escola pública,b0b5c5b2a1d5392dcd7d4e3e638011e8d92f31aba986d2a2faa0cc555f23d01b
1997-03-20,Feminino,"Pardo(a),Mulato(a)",Não,BRASILEIRO,BRASILIA,DF,20232,AFASTAMENTO POR BLOQUEIO DE MATRICULA,2024-01-09,20191,20181,INGRESSO POR PROCESSO SELETIVO ENEM (SISU),0.0,0.21,"L1 - Renda igual ou inferior 1,5 salário mínimo e estudante de escola pública",b121821550f5f34d408064c4aff9c162e50d41191ecedfbdcf14c6ef784cae1b
2004-07-06,Masculino,"Pardo(a),Mulato(a)",Não,BRASILEIRO,CUIABA,MT,20232,AFASTAMENTO POR TRANCAMENTO DE MATRICULA,2023-12-19,20191,20231,INGRESSO POR PROCESSO SELETIVO ENEM (SISU),30.5,3.69,Ampla Concorrência,139be57b08d5d24b0efae6b25eb3f917d3ec83c59f8676844c8120252f8af6a8
2003-06-26,Feminino,Branca,Não,BRASILEIRO,BARRA DO GARCAS,MT,20232,MATRICULADO NO PERÍODO,2023-11-16,20191,20221,INGRESSO POR PROCESSO SELETIVO ENEM (SISU),91.4,9.23,Ampla Concorrência,4a16edd940ab56beb8861ec7524eb5d08b7daace63212d22a2a2a2bfb7930eb2
2003-12-09,Masculino,"Pardo(a),Mulato(a)",Não,BRASILEIRO,BARRA DO GARCAS,MT,20232,MATRICULADO NO PERÍODO,2023-11-16,20191,20221,INGRESSO POR PROCESSO SELETIVO ENEM (SISU),58.4,5.43,Ampla Concorrência,4ff40fb1bd05724817ddd0478e39f0944320d2c4957f54ec62529da70c24d337
2001-06-08,Masculino,"Pardo(a),Mulato(a)",Não,BRASILEIRO,BARRA DO GARCAS,MT,20232,AFASTAMENTO POR BLOQUEIO DE MATRICULA,2024-01-09,20191,20201,INGRESSO POR PROCESSO SELETIVO ENEM (SISU),34.3,7.48,L5 - Estudante de escola pública,815f4b2d3c9fdfce267adb1034e4f09d3cc79677e7927f67073343ce5c205159
2002-01-14,Masculino,"Pardo(a),Mulato(a)",Não,BRASILEIRO,APARECIDA DE GOIANIA,GO,20232,AFASTAMENTO POR BLOQUEIO DE MATRICULA,2024-01-09,20191,20201,INGRESSO POR PROCESSO SELETIVO ENEM (SISU),0.0,0.0,Ampla Concorrência,63f70a450e2dc39b18219ec3d905ea5d905029737860389ff030943f2705ee6f
2005-04-06,Masculino,Branca,Não,BRASILEIRO,JUSSARA,GO,20232,MATRICULADO NO PERÍODO,2023-11-23,20191,20231,INGRESSO POR PROCESSO SELETIVO ENEM (SISU),83.8,5.8,Ampla Concorrência,bfcb447f2635f0626ba87184e8778aaffffa5c095335e350d4a2fc76a561f670
2003-08-10,Masculino,"Pardo(a),Mulato(a)",Não,BRASILEIRO,NOVA CRIXAS,GO,20232,MATRICULADO NO PERÍODO,2023-11-16,20191,20231,INGRESSO POR PROCESSO SELETIVO ENEM (SISU),83.8,9.33,Ampla Concorrência,b61918b1437ed565a0f2570abe6b0120f0f58d4f5a7f75d059702a287195b8c9
1999-02-12,Masculino,Branca,Não,BRASILEIRO,JUNDIAI,SP,20232,AFASTAMENTO POR BLOQUEIO DE MATRICULA,2024-01-09,20191,20221,INGRESSO POR PROCESSO SELETIVO ESPECÍFICO,0.0,0.0,Ampla Concorrência,7bcffa197ea4061a3e09cfb427c3020e8886ac63863c848b41c0c9cc76115487
2004-04-24,Masculino,Branca,Não,BRASILEIRO,ARAGARCAS,GO,20232,AFASTAMENTO POR BLOQUEIO DE MATRICULA,2024-01-09,20191,20221,INGRESSO POR PROCESSO SELETIVO ESPECÍFICO,38.1,3.5,L5 - Estudante de escola pública,6b761e92cc039d62ec95863ec965fafca8fcaf93f193bf67e8136e630b61ce9c
2001-06-16,Masculino,Branca,Não,BRASILEIRO,TUCURUI,PA,20232,MATRICULADO NO PERÍODO,2023-11-16,20191,20221,INGRESSO POR PROCESSO SELETIVO ENEM (SISU),96.5,8.41,Ampla Concorrência,97dfa6281cbbfba21dac5b1443aae6fbff4767a91869bc3df01ed9e6ac1342b8
2004-01-17,Masculino,Branca,Não,BRASILEIRO,BARRA DO GARCAS,MT,20232,MATRICULADO NO PERÍODO,2023-11-16,20191,20221,INGRESSO POR PROCESSO SELETIVO ESPECÍFICO,58.4,4.79,L5 - Estudante de escola pública,63d47f262649822039ffd207d40ff415747d7500019ab3f0749966770c21e15a
2001-05-08,Masculino,Branca,Não,BRASILEIRO,GOIANIA,GO,20232,MATRICULADO NO PERÍODO,2023-11-16,20191,20191,INGRESSO POR PROCESSO SELETIVO ENEM (SISU),76.2,6.83,Ampla Concorrência,8744a978165f891d42e595255e7adf4bd135bba06982419c90dc1db29c5f0bd2
1995-04-05,Masculino,Branca,Não,BRASILEIRO,ARAGARCAS,GO,20232,AFASTAMENTO POR BLOQUEIO DE MATRICULA,2024-01-09,20191,20201,INGRESSO POR PROCESSO SELETIVO ENEM (SISU),97.1,5.23,L5 - Estudante de escola pública,ffa2e9fa2c153ef514ab273fd1a1f8c13cf331ca3a1317d2726f4efa51253853
2001-12-21,Masculino,Branca,Não,BRASILEIRO,GOIANIA,GO,20232,AFASTAMENTO POR BLOQUEIO DE MATRICULA,2024-01-09,20191,20221,INGRESSO POR PROCESSO SELETIVO ESPECÍFICO,0.0,1.52,L5 - Estudante de escola pública,ce0f015be12b9771cc13b95d07e12119a36de933cabb216e36634cb6c0dfd8d3
2005-03-01,Masculino,Branca,Não,BRASILEIRO,TIETE,SP,20232,MATRICULADO NO PERÍODO,2023-11-16,20191,20231,INGRESSO POR PROCESSO SELETIVO ENEM (SISU),83.8,7.32,Ampla Concorrência,618de0ab9e61e323275a406ba6a580f0fceabd6be4a7beb823fb425f20efbb66
2002-04-11,Masculino,Branca,Não,BRASILEIRO,BARRA DO GARCAS,MT,20232,AFASTAMENTO POR BLOQUEIO DE MATRICULA,2024-01-09,20191,20211,INGRESSO POR PROCESSO SELETIVO ENEM (SISU),27.9,7.53,Ampla Concorrência,3e8bf1b96bd1465b0f4b13a76e30e6d9c6af40b69b9b6b3fbbd726b344e88adf
1999-09-23,Masculino,"Pardo(a),Mulato(a)",Não,BRASILEIRO,ARAGARCAS,GO,20232,AFASTAMENTO POR BLOQUEIO DE MATRICULA,2024-01-09,20191,20191,INGRESSO POR PROCESSO SELETIVO ENEM (SISU),0.0,0.23,Ampla Concorrência,6958b3a2b693a1469577b2b7f769c766a81b315e87756563e6da5838da21a4f0
1997-11-13,Masculino,"Pardo(a),Mulato(a)",Não,BRASILEIRO,BARRA MANSA,RJ,20232,MATRICULADO NO PERÍODO,2023-11-16,20191,20191,INGRESSO POR PROCESSO SELETIVO ENEM (SISU),84.7,6.94,L6 - Estudante preto pardo ou indígena de escola pública,277ec204b1855ad32d17a25ac142eb3be5ff02c3e02ab5a0627cb4a11af594ca
1982-01-06,Feminino,Branca,Não,BRASILEIRO,ARAGUAIANA,MT,20232,AFASTAMENTO POR BLOQUEIO DE MATRICULA,2024-01-09,20191,20211,INGRESSO POR PROCESSO SELETIVO ESPECÍFICO,96.5,4.88,"L1 - Renda igual ou inferior 1,5 salário mínimo e estudante de escola pública",8b004f5f8ba8338c2859e47e6e90f089054fd9799d4dcaf6233e7698d95d32a1
2002-03-15,Masculino,"Pardo(a),Mulato(a)",Não,BRASILEIRO,BARRA DO GARCAS,MT,20232,AFASTAMENTO POR BLOQUEIO DE MATRICULA,2024-01-09,20191,20201,INGRESSO POR PROCESSO SELETIVO ENEM (SISU),44.2,4.87,"L2 - Renda igual ou inferior 1,5 salário mínimo e estudante preto pardo ou indígena de esc. pública",1edd7d6d19689e1670dbd623ff99d4087135d9bc142d28d410b3d0de79ed9f71
2001-10-02,Masculino,"Pardo(a),Mulato(a)",Não,BRASILEIRO,POJUCA,BA,20232,MATRICULADO NO PERÍODO,2023-11-16,20191,20211,INGRESSO POR PROCESSO SELETIVO ENEM (SISU),42.7,4.92,Ampla Concorrência,902164c5e470b5bee65ab079ea9a86dbeb85dec5eb8d2349140ef2d74349b855
1987-05-11,Masculino,"Pardo(a),Mulato(a)",Não,BRASILEIRO,BARRA DO GARCAS,MT,20232,AFASTAMENTO POR BLOQUEIO DE MATRICULA,2024-01-09,20191,20191,INGRESSO POR PROCESSO SELETIVO ENEM (SISU),53.3,7.92,Ampla Concorrência,867ab6847cee1f639bd023cf8dad27e58d6c047ebf5f1711af66b371b383b287
1999-10-29,Masculino,Branca,Não,BRASILEIRO,IPORA,GO,20232,AFASTAMENTO POR BLOQUEIO DE MATRICULA,2024-01-09,20191,20181,INGRESSO POR PROCESSO SELETIVO ENEM (SISU),17.4,2.42,Ampla Concorrência,c4afe87d766a9b370074fba5de53819f57de929b2185716055914f22c9231175
2004-03-09,Masculino,Branca,Não,BRASILEIRO,PRIMAVERA DO LESTE,MT,20232,AFASTAMENTO POR BLOQUEIO DE MATRICULA,2024-01-09,20191,20231,INGRESSO POR PROCESSO SELETIVO ESPECÍFICO,0.0,0.0,L5 - Estudante de escola pública,aa0ffe1cf1fb0860747903bdacb22fa82f7fa31e0b30414008ab5caf619c642a
1997-07-14,Masculino,"Pardo(a),Mulato(a)",Não,BRASILEIRO,BOM JESUS DO ARAGUAIA,MT,20232,MATRICULADO NO PERÍODO,2023-11-16,20191,20181,INGRESSO POR PROCESSO SELETIVO ENEM (SISU),29.2,4.57,Ampla Concorrência,f47ff845156f8d98112268b19901e1ce0c86b6be05a3197b3037141e52c38f69
2001-01-18,Masculino,Branca,Não,BRASILEIRO,JANDIRA,SP,20232,AFASTAMENTO POR BLOQUEIO DE MATRICULA,2024-01-09,20191,20191,INGRESSO POR PROCESSO SELETIVO ENEM (SISU),9.1,2.41,"L1 - Renda igual ou inferior 1,5 salário mínimo e estudante de escola pública",c58f19c08aafd5e95d7f61e171ec4202dfa0abaaef4ea01b329b1c9532bbc22e
1996-04-11,Feminino,Branca,Não,BRASILEIRO,MONTE NEGRO,RO,20232,AFASTAMENTO POR BLOQUEIO DE MATRICULA,2024-01-09,20191,20191,INGRESSO POR PROCESSO SELETIVO ENEM (SISU),17.1,4.56,Ampla Concorrência,c48b08787bb74b1164a3811aea27b5019a9636d10b50a512e1ee99e9c3984a92
2004-06-09,Masculino,Branca,Não,BRASILEIRO,BARRA DO GARCAS,MT,20232,MATRICULADO NO PERÍODO,2023-11-16,20191,20231,INGRESSO POR PROCESSO SELETIVO ENEM (SISU),45.7,5.57,Ampla Concorrência,510aa18a75a6c9918725b50d889af93e060d940f3083e17c6065620c827fa54b
2001-06-01,Feminino,"Pardo(a),Mulato(a)",Não,BRASILEIRO,BRITANIA,GO,20232,AFASTAMENTO POR BLOQUEIO DE MATRICULA,2024-01-09,20191,20201,INGRESSO POR PROCESSO SELETIVO ENEM (SISU),3.8,2.32,L5 - Estudante de escola pública,4645add8bb2877e9f08ecdc7474ac04d2709089b45b067d4ffca917a10033355
2003-09-10,Masculino,Negra,Não,BRASILEIRO,IPATINGA,MG,20232,MATRICULADO NO PERÍODO,2023-11-16,20191,20221,INGRESSO POR PROCESSO SELETIVO ENEM (SISU),55.9,5.11,Ampla Concorrência,91776b71527bf49dad03afb53228d3edabf1f939044685a1315ac7c2cc43abce
1999-06-22,Masculino,"Pardo(a),Mulato(a)",Não,BRASILEIRO,RONDON DO PARA,PA,20232,AFASTAMENTO POR BLOQUEIO DE MATRICULA,2024-01-09,20191,20201,INGRESSO POR PROCESSO SELETIVO ENEM (SISU),0.0,0.06,L6 - Estudante preto pardo ou indígena de escola pública,36d196f4de671dcec0c3fd0965b95e0d659508c7d977563ff785e5dddebf5ef8
1999-09-02,Masculino,Negra,Não,BRASILEIRO,RIBEIRAO CASCALHEIRA,MT,20232,AFASTAMENTO POR BLOQUEIO DE MATRICULA,2024-01-09,20191,20181,INGRESSO POR PROCESSO SELETIVO ENEM (SISU),41.9,5.57,Ampla Concorrência,5d6eeb5099b21b5afb56b065fe9e795ab2c2898784517ad1ffdc073e71376621
2001-07-31,Masculino,Branca,Não,BRASILEIRO,VILA RICA,MT,20232,AFASTAMENTO POR BLOQUEIO DE MATRICULA,2024-01-09,20191,20201,INGRESSO POR PROCESSO SELETIVO ENEM (SISU),0.0,0.19,Ampla Concorrência,b63c5db7c726dfbae67c3e58a22d3097fb10112b926bed8a4f4717c620e336a7
2000-09-12,Masculino,Branca,Não,BRASILEIRO,CUIABA,MT,20232,MATRICULADO NO PERÍODO,2023-11-16,20191,20191,INGRESSO POR PROCESSO SELETIVO ENEM (SISU),74.5,6.92,Ampla Concorrência,45d2e0bf9b001837699eed36536615da57037c5be5e4c9ab30ce4d76c4f782bb
2003-09-19,Masculino,"Pardo(a),Mulato(a)",Não,BRASILEIRO,URUANA,GO,20232,AFASTAMENTO POR TRANCAMENTO DE MATRICULA,2023-11-30,20191,20221,INGRESSO POR PROCESSO SELETIVO ESPECÍFICO,0.0,0.05,L5 - Estudante de escola pública,42af675e3d42fdac8de201cec2c3e5d08432d0ab4025947166c5535fb628a50d
2000-10-14,Masculino,Branca,Não,BRASILEIRO,JUSSARA,GO,20232,AFASTAMENTO POR BLOQUEIO DE MATRICULA,2024-01-09,20191,20181,INGRESSO POR PROCESSO SELETIVO ENEM (SISU),0.0,0.45,L5 - Estudante de escola pública,f531ceb2a3e3977b86a82aa7ffe4dc0b5635fb19fd10072ff5984bf7f6489302
2001-06-05,Masculino,Branca,Não,BRASILEIRO,CACERES,MT,20232,AFASTAMENTO POR BLOQUEIO DE MATRICULA,2024-01-09,20191,20191,INGRESSO POR PROCESSO SELETIVO ENEM (SISU),31.6,3.76,Ampla Concorrência,da917c89ed3ed42939daf7c690ff20a8973940acf9c9df053561c45f42a8f4b9
1999-10-22,Masculino,Branca,Não,BRASILEIRO,TAUBATE,SP,20232,AFASTAMENTO POR BLOQUEIO DE MATRICULA,2024-01-09,20191,20191,INGRESSO POR PROCESSO SELETIVO ENEM (SISU),13.7,2.28,Ampla Concorrência,543933106cf525ecabe360a886d5cf4e311aea8f1e94054745507fdc27f44ca2
2000-09-25,Masculino,Branca,Não,BRASILEIRO,BARRA DO GARCAS,MT,20232,MATRICULADO NO PERÍODO,2023-11-16,20191,20211,INGRESSO POR PROCESSO SELETIVO ENEM (SISU),57.9,5.63,Ampla Concorrência,27db55608e8050652d2387b6d876e4f82cb17e6b4c7acc0ae7191b6188d4d851
2004-02-09,Masculino,Branca,Não,BRASILEIRO,GOIANIA,GO,20232,AFASTAMENTO POR TRANCAMENTO DE MATRICULA,2023-11-29,20191,20221,INGRESSO POR PROCESSO SELETIVO ENEM (SISU),12.7,2.39,L5 - Estudante de escola pública,8648ed19830870033146276359846092ff690f6b2df975abcbd6506260bb363c
2005-04-13,Masculino,Indígena,Não,BRASILEIRO,CANARANA,MT,20232,MATRICULADO NO PERÍODO,2023-11-16,20191,20231,INGRESSO POR PROCESSO SELETIVO ESPECÍFICO,7.6,1.48,L5 - Estudante de escola pública,e3aab0c0503a7486ee808c734971a5725cb2c962317f3e2947cb6bcf3412c911
2004-03-24,Masculino,Branca,Não,BRASILEIRO,VILA RICA,MT,20232,MATRICULADO NO PERÍODO,2023-11-16,20191,20231,INGRESSO POR PROCESSO SELETIVO ENEM (SISU),7.6,2.03,Ampla Concorrência,66be04d817d0277ff7a8085ace241c941dfd6705b8a06f756011ae260507a4d4
2003-06-02,Masculino,Branca,Não,BRASILEIRO,BARRA DO GARCAS,MT,20232,MATRICULADO NO PERÍODO,2023-11-16,20191,20211,INGRESSO POR PROCESSO SELETIVO ESPECÍFICO,35.0,4.11,Ampla Concorrência,448a88e9527b4aa8f863d7444a900a9161f9b4c9e05e1c444ad95efd8d6a31ea
1990-08-04,Masculino,Branca,Não,BRASILEIRO,RONDONOPOLIS,MT,20232,AFASTAMENTO POR BLOQUEIO DE MATRICULA,2024-01-09,20191,20221,INGRESSO POR PROCESSO SELETIVO ENEM (SISU),0.0,0.0,Ampla Concorrência,987d6979365a067f5ca3491f1406b0e0ac833e3e77f95775da8f5f6a9723ce7a
1999-05-07,Masculino,"Pardo(a),Mulato(a)",Não,BRASILEIRO,BARRA DO GARCAS,MT,20232,AFASTAMENTO POR BLOQUEIO DE MATRICULA,2024-01-09,20191,20191,INGRESSO POR PROCESSO SELETIVO ENEM (SISU),7.6,2.01,"L10 - Candidato com deficiência com renda igual ou inferior 1,5 salário mínimo e estudante preto pardo ou indígena de esc. pública",831543462a4124725660009f53f1f799d98def84fca94c495260f28599bcc597
1999-11-12,Masculino,Negra,Não,BRASILEIRO,ARAGARCAS,GO,20232,AFASTAMENTO POR BLOQUEIO DE MATRICULA,2024-01-09,20191,20221,INGRESSO POR PROCESSO SELETIVO ESPECÍFICO,0.0,0.09,Ampla Concorrência,f4c3a7a4c03b68b001e18dec4efb40db9d42756e68796f2b1bc4d54b64b1d3ac
1983-05-21,Masculino,"Pardo(a),Mulato(a)",Não,BRASILEIRO,GOIAS,GO,20232,MATRICULADO NO PERÍODO,2023-11-16,20191,20211,INGRESSO POR PROCESSO SELETIVO ESPECÍFICO,85.3,7.18,Ampla Concorrência,d4656bf92bb45421a714d66e1ef6f4b9110b8ae78e49db3c6d79ba4109b4d6cc
2005-01-15,Feminino,Branca,Não,BRASILEIRO,Bilac,SP,20232,MATRICULADO NO PERÍODO,2023-11-16,20191,20231,INGRESSO POR PROCESSO SELETIVO ENEM (SISU),30.5,3.42,Ampla Concorrência,3925dddcdce6a8ed0358ac233c155d7a1d065b41764e6c525324bde27d7978dc
1999-12-06,Masculino,Branca,Não,BRASILEIRO,NOVA XAVANTINA,MT,20232,MATRICULADO NO PERÍODO,2023-11-16,20191,20181,INGRESSO POR PROCESSO SELETIVO ENEM (SISU),63.7,6.67,Ampla Concorrência,f3e0f56e5c35e53dc1469c240a5d6a5c626aa06ef200ac0992f5677ba7842d88
1999-01-31,Masculino,Branca,Não,BRASILEIRO,SAO PAULO,SP,20232,AFASTAMENTO POR BLOQUEIO DE MATRICULA,2024-01-09,20191,20221,INGRESSO POR PROCESSO SELETIVO ENEM (SISU),0.0,0.0,Ampla Concorrência,a1a5f3e3573ba49707514965597af7997863362e90456c135cebb1eef7c024e3
2003-05-16,Masculino,"Pardo(a),Mulato(a)",Não,BRASILEIRO,MATEUS LEME,MG,20232,AFASTAMENTO POR BLOQUEIO DE MATRICULA,2024-01-09,20191,20211,INGRESSO POR PROCESSO SELETIVO ENEM (SISU),0.0,0.35,"L2 - Renda igual ou inferior 1,5 salário mínimo e estudante preto pardo ou indígena de esc. pública",a9304f50b609232d4e438abc441c768feecc8aec6d3102c3512c3cc4af943203
2003-11-01,Masculino,"Pardo(a),Mulato(a)",Não,BRASILEIRO,MATRINCHA,GO,20232,AFASTAMENTO POR BLOQUEIO DE MATRICULA,2024-01-09,20191,20221,INGRESSO POR PROCESSO SELETIVO ENEM (SISU),0.0,0.0,"L2 - Renda igual ou inferior 1,5 salário mínimo e estudante preto pardo ou indígena de esc. pública",c097a49d48f73785a588623432039f9999c0cd82042bf45751c1b6c748fec27a
1995-07-21,Masculino,Branca,Não,BRASILEIRO,BARRA DO GARCAS,MT,20232,AFASTAMENTO POR BLOQUEIO DE MATRICULA,2024-01-09,20191,20191,INGRESSO POR PROCESSO SELETIVO ENEM (SISU),0.0,0.23,Ampla Concorrência,bace8fe095ce1f703bc928f0f949e4ef8d913a4130ad04600baa8e102ab47599
2000-09-15,Feminino,Branca,Não,BRASILEIRO,CUIABA,MT,20232,MATRICULADO NO PERÍODO,2023-11-16,20191,20231,INGRESSO POR PROCESSO SELETIVO ENEM (SISU),22.9,3.09,Ampla Concorrência,0fdadaab3d280931457dffd30004568f3c37e7b91822615aa2f4b73c5e50a427
2001-05-10,Masculino,Não Informado,Não,BRASILEIRO,BARRA DO GARCAS,MT,20232,MATRICULADO NO PERÍODO,2023-11-16,20191,20201,INGRESSO POR PROCESSO SELETIVO ENEM (SISU),12.7,2.13,Ampla Concorrência,c68c3a9f16728f9783f0f4fbf3ec30c25a73cfd95c4004cafb4794a0adc0047d
1997-03-18,Masculino,Branca,Não,BRASILEIRO,RIO BRANCO,AC,20232,AFASTAMENTO POR BLOQUEIO DE MATRICULA,2024-01-09,20191,20201,INGRESSO POR PROCESSO SELETIVO ENEM (SISU),0.0,0.0,Ampla Concorrência,1c704b4ef26b712f7ff45f84b90fb43c9a6b7f085fde40cd309f92958db3ae21
2004-06-07,Feminino,Branca,Não,BRASILEIRO,BRASILIA,DF,20232,AFASTAMENTO POR BLOQUEIO DE MATRICULA,2024-01-09,20191,20221,INGRESSO POR PROCESSO SELETIVO ENEM (SISU),0.0,0.0,Ampla Concorrência,9a250c41a24e9fbd9f7846284de42e78a9e11dada80a04473b0c64274bbf284f
1992-06-04,Feminino,"Pardo(a),Mulato(a)",Não,BRASILEIRO,RIBEIRAO CASCALHEIRA,MT,20232,MATRICULADO NO PERÍODO,2023-11-23,20191,20201,INGRESSO POR PROCESSO SELETIVO ENEM (SISU),192.4,6.8,Ampla Concorrência,7a33eeaccc2a22fa293c9219e0d793bc4c9310f1871ff65d4b73bcdd670a1d75
2002-01-24,Masculino,"Pardo(a),Mulato(a)",Não,BRASILEIRO,CALDAS NOVAS,GO,20232,MATRICULADO NO PERÍODO,2023-11-16,20191,20211,INGRESSO POR PROCESSO SELETIVO ESPECÍFICO,67.0,5.45,L5 - Estudante de escola pública,9bc0738b22c92d6cd57c5c01ab0dcebcddc9101a039c325fcb1923a9769a1210
2002-03-24,Masculino,Branca,Não,BRASILEIRO,SAO JOAO DOS PATOS,MA,20232,MATRICULADO NO PERÍODO,2023-11-16,20191,20231,INGRESSO POR PROCESSO SELETIVO ENEM (SISU),45.7,4.75,L5 - Estudante de escola pública,64efc45fb1ac426e2e77c50af1569ad3b3d4719f61e3dd5bb1ab592aa56383b9
2003-02-03,Masculino,Branca,Não,BRASILEIRO,NOVA XAVANTINA,MT,20232,MATRICULADO NO PERÍODO,2023-11-16,20191,20231,INGRESSO POR PROCESSO SELETIVO ENEM (SISU),61.0,5.49,Ampla Concorrência,638f8a0d1fef4562a03d729691b51ed44e94271bf50b02faeb3e45e5b7443d08
2003-08-24,Masculino,"Pardo(a),Mulato(a)",Não,BRASILEIRO,JARAGUA,GO,20232,MATRICULADO NO PERÍODO,2023-11-16,20191,20211,INGRESSO POR PROCESSO SELETIVO ENEM (SISU),70.1,6.25,"L2 - Renda igual ou inferior 1,5 salário mínimo e estudante preto pardo ou indígena de esc. pública",38581b2b1a2cde9b7fd3dcda9cd85efefd1a1223a37030cfd563d5fd322e6c0d
2002-04-08,Masculino,"Pardo(a),Mulato(a)",Não,BRASILEIRO,BARRA DO GARCAS,MT,20232,MATRICULADO NO PERÍODO,2023-11-16,20191,20211,INGRESSO POR PROCESSO SELETIVO ENEM (SISU),27.9,7.39,Ampla Concorrência,6231c0f0c38edc79056896eee805d513625bf14e10a5b2c978690daf7811957d
2003-05-10,Masculino,Não Informado,Não,BRASILEIRO,GUAIRA,SP,20232,AFASTAMENTO POR BLOQUEIO DE MATRICULA,2024-01-09,20191,20211,INGRESSO POR PROCESSO SELETIVO ENEM (SISU),20.3,4.61,Ampla Concorrência,49674d26686cfa002346d97a4393308dde4e4dcac8cf43726d918a00b4794e9e
2003-12-04,Masculino,Branca,Não,BRASILEIRO,CARAPICUIBA,SP,20232,MATRICULADO NO PERÍODO,2023-11-16,20191,20221,INGRESSO POR PROCESSO SELETIVO ENEM (SISU),61.0,5.13,Ampla Concorrência,78d42f3e85a8ff203cb83e196aacc917314c21b3b7316b71d34dd86960bc580c
2001-02-06,Masculino,"Pardo(a),Mulato(a)",Não,BRASILEIRO,SAO MIGUEL DO GUAPORE,RO,20232,AFASTAMENTO POR BLOQUEIO DE MATRICULA,2024-01-09,20191,20191,INGRESSO POR PROCESSO SELETIVO ENEM (SISU),3.0,1.4,"L2 - Renda igual ou inferior 1,5 salário mínimo e estudante preto pardo ou indígena de esc. pública",e68bb4a6f835f78144cbf3c907c667118cf26d2b8f57fa076a821303862d0454
2004-06-07,Masculino,Branca,Não,BRASILEIRO,BRASILIA,DF,20232,AFASTAMENTO POR TRANCAMENTO DE MATRICULA,2023-12-11,20191,20231,INGRESSO POR PROCESSO SELETIVO ESPECÍFICO,0.0,0.0,L5 - Estudante de escola pública,4e69c68b8e858a812e4bffd0c40837fc4b3b0035a16a750a9f611b278ad95b39
2000-01-06,Masculino,Negra,Não,BRASILEIRO,JARU,RO,20232,MATRICULADO NO PERÍODO,2023-12-01,20191,20171,INGRESSO POR PROCESSO SELETIVO ENEM (SISU),25.6,3.53,L6 - Estudante preto pardo ou indígena de escola pública,af52998deb5a56510467ae57c0512fff3f86db690d5a10808c72e16f985a9282
2003-07-08,Masculino,Branca,Não,BRASILEIRO,TANGARA DA SERRA,MT,20232,MATRICULADO NO PERÍODO,2023-11-16,20191,20221,INGRESSO POR PROCESSO SELETIVO ENEM (SISU),63.5,4.82,Ampla Concorrência,66767870e5391987da7fee022043d8390c889a69735022dab8893d5e77804db3
2005-03-21,Masculino,"Pardo(a),Mulato(a)",Não,BRASILEIRO,ANAPU,PA,20232,MATRICULADO NO PERÍODO,2023-11-16,20191,20231,INGRESSO POR PROCESSO SELETIVO ENEM (SISU),45.7,4.3,L6 - Estudante preto pardo ou indígena de escola pública,6d3b7bf61b3e5f35de7f47db385dbba2e2254519a72d9dde12089618e53b2c5d
2005-03-02,Masculino,Branca,Não,BRASILEIRO,MORRINHOS,GO,20232,MATRICULADO NO PERÍODO,2023-11-16,20191,20231,INGRESSO POR PROCESSO SELETIVO ESPECÍFICO,15.2,1.45,Ampla Concorrência,40c87ccb5a8f08d9ec6496211edbe2a99b6062122cafeefbccf0a413c3ea6fda
1994-06-09,Masculino,"Pardo(a),Mulato(a)",Não,BRASILEIRO,ARAGARCAS,GO,20232,AFASTAMENTO POR BLOQUEIO DE MATRICULA,2023-11-10,20191,20131,INGRESSO POR PROCESSO SELETIVO ENEM (SISU),29.0,4.65,L3 - Estudante de escola pública,59264b65ec315695e0efcc2b9d82bad519b4cda54f3a1c25ede8ddc368309584
2003-07-30,Masculino,Branca,Não,BRASILEIRO,ARAGARCAS,GO,20232,MATRICULADO NO PERÍODO,2023-11-16,20191,20231,INGRESSO POR PROCESSO SELETIVO ESPECÍFICO,7.6,2.34,L5 - Estudante de escola pública,0dd7572aa6b2817ba16e3da3ca8c744f990a584361fc742a8204ace7c3ef04d3
2004-10-12,Feminino,"Pardo(a),Mulato(a)",Não,BRASILEIRO,RIO DE JANEIRO,RJ,20232,MATRICULADO NO PERÍODO,2023-11-16,20191,20221,INGRESSO POR PROCESSO SELETIVO ENEM (SISU),33.0,3.61,Ampla Concorrência,45b99d3064b86e4b182178ef740b03f047d314803172ef7f67f38b4a226eca9e
2001-11-24,Feminino,"Pardo(a),Mulato(a)",Não,BRASILEIRO,SALVADOR,BA,20232,MATRICULADO NO PERÍODO,2023-11-16,20191,20201,INGRESSO POR PROCESSO SELETIVO ENEM (SISU),82.7,6.11,"L2 - Renda igual ou inferior 1,5 salário mínimo e estudante preto pardo ou indígena de esc. pública",fe49dba3ab64bc7f1d9721189458599a03b315a4f11675955f3e09c03c9ff91b
2004-06-20,Feminino,Branca,Não,BRASILEIRO,BARRA DO GARCAS,MT,20232,MATRICULADO NO PERÍODO,2023-11-16,20191,20231,INGRESSO POR PROCESSO SELETIVO ENEM (SISU),83.8,6.52,Ampla Concorrência,714747449e901d65befe9c525a9d3061f0350bbebdc25714f1fd374104cc87b5
2000-07-10,Feminino,"Pardo(a),Mulato(a)",Não,BRASILEIRO,CUIABA,MT,20232,AFASTAMENTO POR BLOQUEIO DE MATRICULA,2024-01-09,20191,20211,INGRESSO POR PROCESSO SELETIVO ENEM (SISU),17.1,3.23,L6 - Estudante preto pardo ou indígena de escola pública,5ed12fc65597ff521689b4a84e6c967e5e36d4dc9e9899a62f5842c96a3df65f
1996-11-08,Masculino,Branca,Não,BRASILEIRO,GOIANIA,GO,20232,AFASTAMENTO POR TRANCAMENTO DE MATRICULA,2023-11-21,20191,20181,INGRESSO POR PROCESSO SELETIVO ENEM (SISU),63.0,6.71,Ampla Concorrência,4599bbaa477a779a118bdd2f0641275ef554feb52730c2953836de4d944f2b0c
1999-12-22,Masculino,"Pardo(a),Mulato(a)",Não,BRASILEIRO,RONDONOPOLIS,MT,20232,MATRICULADO NO PERÍODO,2023-11-16,20191,20171,INGRESSO POR PROCESSO SELETIVO ENEM (SISU),52.8,6.08,L6 - Estudante preto pardo ou indígena de escola pública,a7ba2fc005479b2b1d24c1cee9037012cddb8fb7b788ffc8ede8bf9a9e5f21fb
2001-11-01,Masculino,Branca,Não,BRASILEIRO,ARAGARCAS,GO,20232,MATRICULADO NO PERÍODO,2023-11-16,20191,20191,INGRESSO POR PROCESSO SELETIVO ENEM (SISU),55.9,4.82,Ampla Concorrência,8e5078a9c6f4881e549bd427f4152a5225b162804fb96042cfdfca8f9d40b36e
2000-05-04,Masculino,"Pardo(a),Mulato(a)",Não,BRASILEIRO,NOVO SAO JOAQUIM,MT,20232,AFASTAMENTO POR BLOQUEIO DE MATRICULA,2024-01-09,20191,20191,INGRESSO POR PROCESSO SELETIVO ENEM (SISU),15.2,4.57,L6 - Estudante preto pardo ou indígena de escola pública,a81833c165a247300fd4fe4a4d3d8a6197a74a5afa21efe4c28b8ecd80c5ac0d
2000-07-25,Masculino,"Pardo(a),Mulato(a)",Não,BRASILEIRO,JATAI,GO,20232,AFASTAMENTO POR BLOQUEIO DE MATRICULA,2024-01-09,20191,20181,INGRESSO POR PROCESSO SELETIVO ENEM (SISU),3.0,2.43,"L2 - Renda igual ou inferior 1,5 salário mínimo e estudante preto pardo ou indígena de esc. pública",2970756896306c0c09bb7a1ab5b980f2d1aa7471e11f420c8228649d3cdce1a5
2002-01-24,Feminino,Branca,Não,BRASILEIRO,BOA VISTA,RR,20232,AFASTAMENTO POR BLOQUEIO DE MATRICULA,2024-01-09,20191,20231,INGRESSO POR PROCESSO SELETIVO ESPECÍFICO,0.0,0.0,L5 - Estudante de escola pública,15abba8d6ff8507477749399218d7e85e8a9e8de1364bd5d1a4f74ae4cdfcebb
1992-10-11,Masculino,Branca,Não,BRASILEIRO,NOVO SAO JOAQUIM,MT,20232,MATRICULADO NO PERÍODO,2023-11-16,20191,20201,INGRESSO POR PROCESSO SELETIVO ENEM (SISU),111.0,5.97,Ampla Concorrência,f00796b45b5def5e8f169234314d9e0d0e351d3881ce5703947f2572b0ad35e7
1995-11-24,Masculino,"Pardo(a),Mulato(a)",Não,BRASILEIRO,NOVO SAO JOAQUIM,MT,20232,MATRICULADO NO PERÍODO,2023-11-23,20191,20171,INGRESSO POR PROCESSO SELETIVO ENEM (SISU),51.2,5.43,Ampla Concorrência,c5276c2d9fa5c4bdc19355a467eb4fba953ba7bf72ef12f652ba9b818b476f82
1998-03-17,Masculino,Branca,Não,BRASILEIRO,MINEIROS,GO,20232,AFASTAMENTO POR BLOQUEIO DE MATRICULA,2024-01-09,20191,20181,INGRESSO POR PROCESSO SELETIVO ENEM (SISU),0.0,0.0,Ampla Concorrência,ee81c6534ba61badc7a97140eb9922ac54d32b1505472f5bd4ab16d4e76a0d7a
2000-11-04,Masculino,"Pardo(a),Mulato(a)",Não,BRASILEIRO,GOIANIA,GO,20232,AFASTAMENTO POR BLOQUEIO DE MATRICULA,2024-01-09,20191,20181,INGRESSO POR PROCESSO SELETIVO ENEM (SISU),0.0,0.53,L6 - Estudante preto pardo ou indígena de escola pública,46c744f265d8c45b29e5d6493a48caae12bd6926afe7283e198f04ff62f81beb
2000-07-19,Feminino,Negra,Não,BRASILEIRO,SAO PAULO,SP,20232,AFASTAMENTO POR BLOQUEIO DE MATRICULA,2024-01-09,20191,20181,INGRESSO POR PROCESSO SELETIVO ENEM (SISU),24.4,5.8,L6 - Estudante preto pardo ou indígena de escola pública,76838403f432829cd2b1bc85f2dd460d2304790f55bca4010bbe5763c3100deb
2005-06-20,Masculino,Branca,Não,BRASILEIRO,BARRA DO GARCAS,MT,20232,MATRICULADO NO PERÍODO,2023-11-16,20191,20231,INGRESSO POR PROCESSO SELETIVO ESPECÍFICO,45.7,3.5,Ampla Concorrência,d85935a096ade59d258b0ed231cff18db80eb2cb239d7adc9fb6b02faa6754ab
1994-09-19,Masculino,Negra,Não,BRASILEIRO,ARAGARCAS,GO,20232,MATRICULADO NO PERÍODO,2023-11-16,20191,20201,INGRESSO POR PROCESSO SELETIVO ENEM (SISU),89.3,7.9,Ampla Concorrência,d666ccd8fd43d002eb2f078ccd8ca46aec2e0867e9b2d769128cedbedb24b7bf
2005-05-15,Feminino,Branca,Não,BRASILEIRO,SAO FELIX DO ARAGUAIA,MT,20232,MATRICULADO NO PERÍODO,2023-11-16,20191,20231,INGRESSO POR PROCESSO SELETIVO ENEM (SISU),45.7,4.75,Ampla Concorrência,be799beaa60c07aa953dcf74250caeb269d193c529717aea141267114b6cc30f
1996-04-27,Masculino,"Pardo(a),Mulato(a)",Não,BRASILEIRO,BARRA DO GARCAS,MT,20232,MATRICULADO NO PERÍODO,2023-11-23,20191,20211,INGRESSO POR PROCESSO SELETIVO ENEM (SISU),21.3,1.86,L6 - Estudante preto pardo ou indígena de escola pública,03ed3453fa32b235949c9dbdee14a9607caa46d12422a9e175b3bc087acceb9f
1999-11-24,Feminino,Branca,Não,BRASILEIRO,OURO PRETO DO OESTE,RO,20232,MATRICULADO NO PERÍODO,2023-11-16,20191,20191,INGRESSO POR PROCESSO SELETIVO ENEM (SISU),80.4,7.64,Ampla Concorrência,0c4f86fecb85b22eb0654da4a94f59fc3a99e21cc5bae10fa275a251e8ba555a
2005-04-20,Masculino,Branca,Não,BRASILEIRO,ARAGARCAS,GO,20232,MATRICULADO NO PERÍODO,2023-11-16,20191,20231,INGRESSO POR PROCESSO SELETIVO ENEM (SISU),83.8,6.81,Ampla Concorrência,7b26aad42e1d51f5587cc872f31bb9bae6a6fc6da605d4d7fbb9cc60fdf1fd80
2003-05-29,Masculino,"Pardo(a),Mulato(a)",Não,BRASILEIRO,GOIAS,GO,20232,MATRICULADO NO PERÍODO,2023-11-16,20191,20211,INGRESSO POR PROCESSO SELETIVO ENEM (SISU),41.1,4.79,"L2 - Renda igual ou inferior 1,5 salário mínimo e estudante preto pardo ou indígena de esc. pública",fc3f17867b2226b5480e0e2bc9e64b1a8a3f050f0c13b59f432607438560367f
2000-01-09,Masculino,"Pardo(a),Mulato(a)",Não,BRASILEIRO,ARAGUAIANA,MT,20232,AFASTAMENTO POR BLOQUEIO DE MATRICULA,2024-01-09,20191,20181,INGRESSO POR PROCESSO SELETIVO ENEM (SISU),10.7,3.79,"L2 - Renda igual ou inferior 1,5 salário mínimo e estudante preto pardo ou indígena de esc. pública",e92d81f1d7ae3135a5053042c1012ed1755e6a374f2e82eb5ebff0d4f83d8290
2004-02-27,Masculino,Branca,Não,BRASILEIRO,NOVA XAVANTINA,MT,20232,MATRICULADO NO PERÍODO,2023-11-16,20191,20221,INGRESSO POR PROCESSO SELETIVO ESPECÍFICO,25.4,3.42,Ampla Concorrência,ba5132c4295c6c9fe2e133fd71c4a1340c3f3d0af38e7c8836e3cac6358ecd3b
2000-09-11,Masculino,"Pardo(a),Mulato(a)",Não,BRASILEIRO,JARU,RO,20232,MATRICULADO NO PERÍODO,2023-11-16,20191,20191,INGRESSO POR PROCESSO SELETIVO ENEM (SISU),26.7,2.61,L6 - Estudante preto pardo ou indígena de escola pública,93cb36e372f9fd5c789deeb4cdc389592848ac54077d48b93cc783e26d7e6f45
2003-01-21,Masculino,Branca,Não,BRASILEIRO,REGENTE FEIJO,SP,20232,MATRICULADO NO PERÍODO,2023-11-16,20191,20211,INGRESSO POR PROCESSO SELETIVO ENEM (SISU),62.5,5.36,L5 - Estudante de escola pública,f78e452bf1412c0fae5126fea35e811fda113af7fc0ae1ffca8e282a8a01166e
2005-07-06,Feminino,Branca,Não,BRASILEIRO,RECIFE,PE,20232,MATRICULADO NO PERÍODO,2023-11-16,20191,20231,INGRESSO POR PROCESSO SELETIVO ENEM (SISU),30.5,3.63,L5 - Estudante de escola pública,882307efc2709ae0e782954afa7c4f3c6fcf7c7828f8922ca1c406509d4f5220
1991-02-08,Feminino,Branca,Não,BRASILEIRO,TORIXOREU,MT,20232,AFASTAMENTO POR BLOQUEIO DE MATRICULA,2024-01-09,20191,20181,INGRESSO POR PROCESSO SELETIVO ENEM (SISU),0.0,1.87,Ampla Concorrência,2d6c51901219dc05cce532d35375af7da9960872b214d33a0aa32f4796cef872
2002-03-20,Feminino,"Pardo(a),Mulato(a)",Não,BRASILEIRO,CONFRESA,MT,20232,AFASTAMENTO POR BLOQUEIO DE MATRICULA,2024-01-09,20191,20222,INGRESSO POR PROCESSO SELETIVO ESPECÍFICO,0.0,0.0,Ampla Concorrência,51f19bf32bb565ad41eb7297fbaccafbd1dd1ad0eb14aea6b77343d1e3dc6d5a
1968-07-31,Masculino,Não Informado,Não,BRASILEIRO,SAO PAULO,SP,20232,AFASTAMENTO POR BLOQUEIO DE MATRICULA,2024-01-09,20191,20181,INGRESSO POR CURSO SUPERIOR,30.5,7.67,Admissão Graduado,bcb912e595bea465f376e735452e0a45ab0a6e4a64c1b534e0a3d2f413172b6e
1996-01-05,Masculino,Branca,Não,BRASILEIRO,IPORA DO OESTE,SC,20232,AFASTAMENTO POR BLOQUEIO DE MATRICULA,2024-01-09,20191,20181,INGRESSO POR PROCESSO SELETIVO ENEM (SISU),44.4,5.71,Ampla Concorrência,e8b7e94342bc26e69727f151789fae7b0ceaaacdc6dbf3138b54f911e67cb3ae
2000-07-15,Masculino,"Pardo(a),Mulato(a)",Não,BRASILEIRO,BARRA DO GARCAS,MT,20232,AFASTAMENTO POR BLOQUEIO DE MATRICULA,2024-01-09,20191,20181,INGRESSO POR PROCESSO SELETIVO ENEM (SISU),3.8,3.69,Ampla Concorrência,0973826434c74985ee2217fdb625da080c2e9d8ca5c0fd16b36e8aa11d884126
2002-03-08,Masculino,Branca,Não,BRASILEIRO,BARRA DO GARCAS,MT,20232,MATRICULADO NO PERÍODO,2023-11-23,20191,20201,INGRESSO POR PROCESSO SELETIVO ENEM (SISU),8.7,2.19,"L1 - Renda igual ou inferior 1,5 salário mínimo e estudante de escola pública",bfe7cd5390f0eb97942ec3d236d7683876e4c38b9808120474936000f31371b4
2003-06-13,Feminino,"Pardo(a),Mulato(a)",Não,BRASILEIRO,SANTA TEREZINHA,MT,20232,AFASTAMENTO POR BLOQUEIO DE MATRICULA,2024-01-09,20191,20221,INGRESSO POR PROCESSO SELETIVO ESPECÍFICO,7.6,1.69,L5 - Estudante de escola pública,948ce795d13edd8887fbefba2a5b357c78ba8f53d5a2f4e7c65392ca6f949403
2002-04-09,Masculino,Branca,Não,BRASILEIRO,ARAGARCAS,GO,20232,AFASTAMENTO POR BLOQUEIO DE MATRICULA,2024-01-09,20191,20201,INGRESSO POR PROCESSO SELETIVO ENEM (SISU),0.0,0.0,L5 - Estudante de escola pública,98e3aa192398f8e2c019c91179967941fd586aad3e2b62a90b2be3aaff2f32d0
2004-05-14,Masculino,Negra,Não,BRASILEIRO,BARRA DO GARCAS,MT,20232,AFASTAMENTO POR BLOQUEIO DE MATRICULA,2024-01-09,20191,20221,INGRESSO POR PROCESSO SELETIVO ENEM (SISU),0.0,0.51,"L2 - Renda igual ou inferior 1,5 salário mínimo e estudante preto pardo ou indígena de esc. pública",dc9f292b75cfbce9a0224d4cb4e59f6e102a9ddcf90ef00df261aabfff2f5509
2001-10-02,Masculino,Branca,Não,BRASILEIRO,BARRA DO GARCAS,MT,20232,AFASTAMENTO POR BLOQUEIO DE MATRICULA,2024-01-09,20191,20191,INGRESSO POR PROCESSO SELETIVO ENEM (SISU),35.6,4.84,Ampla Concorrência,2cd5ecf8e0b9337ac49f8a6cd2390a050458899bb26a96a3d1a0837af8fe95ce
1995-07-16,Masculino,"Pardo(a),Mulato(a)",Não,BRASILEIRO,JUSSARA,GO,20232,AFASTAMENTO POR BLOQUEIO DE MATRICULA,2024-01-09,20191,20181,INGRESSO POR PROCESSO SELETIVO ENEM (SISU),49.5,5.02,Ampla Concorrência,f009b49e10c9295a712354576a66fbf661c0bebceb4fcd76b0df4bdc5b3e94e0
2000-01-04,Masculino,Negra,Não,BRASILEIRO,Jussara,GO,20232,AFASTAMENTO POR BLOQUEIO DE MATRICULA,2024-01-09,20191,20191,INGRESSO POR PROCESSO SELETIVO ENEM (SISU),13.1,2.13,L6 - Estudante preto pardo ou indígena de escola pública,43cbaccfc49838e21a9777d7c65be1bdc810c08191a67da4219d3522ef8f9e2a
1999-03-26,Masculino,Branca,Não,BRASILEIRO,QUIRINOPOLIS,GO,20232,AFASTAMENTO POR BLOQUEIO DE MATRICULA,2024-01-09,20191,20221,INGRESSO POR PROCESSO SELETIVO ESPECÍFICO,0.0,0.28,L5 - Estudante de escola pública,2826421269954f0c8ed6e03df431f94f3462b3fbb131e5d7e8acb0c75a1c222e
2001-08-17,Feminino,"Pardo(a),Mulato(a)",Não,BRASILEIRO,ARAGARCAS,GO,20232,MATRICULADO NO PERÍODO,2023-11-23,20191,20201,INGRESSO POR PROCESSO SELETIVO ENEM (SISU),92.5,6.71,Ampla Concorrência,481ee75135468ede26c40b294bf833cba2b699eb029fced1b9ab94f6316df2a5
1997-09-27,Masculino,Branca,Não,BRASILEIRO,SAO PAULO,SP,20232,MATRICULADO NO PERÍODO,2023-11-16,20191,20221,INGRESSO POR PROCESSO SELETIVO ESPECÍFICO,118.1,6.4,L5 - Estudante de escola pública,bcf00be3c94b00301736d9327ac56bf7ba07411e4200895713b95f6b171b20d4
1985-12-25,Feminino,"Pardo(a),Mulato(a)",Não,BRASILEIRO,TORIXOREU,MT,20232,AFASTAMENTO POR BLOQUEIO DE MATRICULA,2024-01-09,20191,20232,INGRESSO POR PROCESSO SELETIVO ESPECÍFICO,0.0,0.0,,ea5ce0b439dfbcf9b3eb3d32ca15c7f6a49b82be509771ebc9aa60afef002f34
1987-12-19,Masculino,Branca,Não,BRASILEIRO,CURITIBA,PR,20232,AFASTAMENTO POR BLOQUEIO DE MATRICULA,2023-11-10,20191,20151,INGRESSO POR PROCESSO SELETIVO ENEM (SISU),34.3,4.56,Ampla Concorrência,a3c7b69fb92279d4dfed5a240a77946048cf7629c8b56db6d1427f7e4ec4389e
1999-12-03,Masculino,Branca,Não,BRASILEIRO,BARRA DO GARCAS,MT,20232,AFASTAMENTO POR TRANCAMENTO DE MATRICULA,2023-12-15,20191,20191,INGRESSO POR PROCESSO SELETIVO ENEM (SISU),14.3,3.4,Ampla Concorrência,c0533b591fde2ad22d43b4d8cd56fa929646b801e259e1b5434cc4aa7ac9eee8
1991-11-03,Masculino,Branca,Não,BRASILEIRO,RONDONOPOLIS,MT,20232,AFASTAMENTO POR BLOQUEIO DE MATRICULA,2024-01-09,20191,20181,INGRESSO POR PROCESSO SELETIVO ENEM (SISU),87.1,5.93,Ampla Concorrência,c2bc1d18bc114cc621278c00806fecc62cbb637481c88813ad7e658832c3b5a5
1996-12-29,Feminino,Branca,Não,BRASILEIRO,CANARANA,MT,20232,AFASTAMENTO POR BLOQUEIO DE MATRICULA,2024-01-09,20191,20211,INGRESSO POR PROCESSO SELETIVO ESPECÍFICO,0.0,0.0,L5 - Estudante de escola pública,8d8177f9813fe8e12d65e412c13d37abf113f985380bd17a49859033bd337925
1990-05-31,Masculino,Branca,Não,BRASILEIRO,BARRA DO GARCAS,MT,20232,AFASTAMENTO POR BLOQUEIO DE MATRICULA,2024-01-09,20191,20181,INGRESSO POR PROCESSO SELETIVO ENEM (SISU),94.7,5.57,Ampla Concorrência,4023619fd2a593ec1bcef117a8deb8e6b4bc4c6f3c4b8ed5f05aef5e2a19a60c
2005-04-27,Masculino,Branca,Não,BRASILEIRO,CUIABA,MT,20232,MATRICULADO NO PERÍODO,2023-11-16,20191,20231,INGRESSO POR PROCESSO SELETIVO ENEM (SISU),7.6,1.52,Ampla Concorrência,7cdbbeeada1bd82c0f7526314dac2e776a0a79e2bf6eac7908cc37607222f72c
2003-07-31,Masculino,Branca,Não,BRASILEIRO,AGUA BOA,MT,20232,MATRICULADO NO PERÍODO,2023-11-16,20191,20221,INGRESSO POR PROCESSO SELETIVO ENEM (SISU),86.3,6.34,Ampla Concorrência,4f30a4798de4c163573f397ed408908185fc5d49e26b4146f435c7bffe141439
2001-03-02,Masculino,Branca,Não,BRASILEIRO,TANGARA DA SERRA,MT,20232,MATRICULADO NO PERÍODO,2023-11-16,20191,20191,INGRESSO POR PROCESSO SELETIVO ENEM (SISU),69.4,6.58,Ampla Concorrência,cfc63d7a8a38ad7c19f1cc506715f3fb370299001391d50d389c4553abba2168
2003-10-10,Masculino,Branca,Não,BRASILEIRO,BARUERI,SP,20232,AFASTAMENTO POR BLOQUEIO DE MATRICULA,2024-01-09,20191,20221,INGRESSO POR PROCESSO SELETIVO ENEM (SISU),53.3,2.66,Ampla Concorrência,56ab152d425a8095e91e4dce9fda05cfe1c2412332da372d24fe812fa00950a7
2003-05-18,Masculino,Branca,Não,BRASILEIRO,CUIABA,MT,20232,AFASTAMENTO POR BLOQUEIO DE MATRICULA,2024-01-09,20191,20211,INGRESSO POR PROCESSO SELETIVO ENEM (SISU),0.0,0.0,Ampla Concorrência,6849b131294e3c975518c3bc2a9000ce43f8e5adb9f23fb0521da502615f1f9f
2004-03-11,Masculino,Branca,Não,BRASILEIRO,BARRA DO GARCAS,MT,20232,MATRICULADO NO PERÍODO,2023-11-16,20191,20222,INGRESSO POR PROCESSO SELETIVO ESPECÍFICO,64.8,7.73,Ampla Concorrência,aac2278e15967d494bfefb694de83f29d8cdb6fa44437e39b88cf05bb8171b56
1999-10-07,Masculino,Branca,Não,BRASILEIRO,JARU,RO,20232,MATRICULADO NO PERÍODO,2023-11-16,20191,20211,INGRESSO POR PROCESSO SELETIVO ENEM (SISU),85.3,6.36,Ampla Concorrência,eed8e3231d6e295e6210454623169a8b69cc767bbf0da593c5e5eee29adb3077
2001-12-23,Masculino,Branca,Não,BRASILEIRO,SAO FELIPE D OESTE,RO,20232,MATRICULADO NO PERÍODO,2023-11-23,20191,20201,INGRESSO POR PROCESSO SELETIVO ENEM (SISU),74.0,6.97,Ampla Concorrência,538c2facf844eb9d930c997bb4cd7af0b981a00ff46aa986a3941d2ba2583074
2000-09-04,Masculino,Branca,Não,BRASILEIRO,IPORA,GO,20232,AFASTAMENTO POR BLOQUEIO DE MATRICULA,2024-01-09,20191,20191,INGRESSO POR PROCESSO SELETIVO ENEM (SISU),3.8,2.59,Ampla Concorrência,6069495eac044a2bee8502975f1cfd754cb5534560c7d57b4d0eeb8ce0d7415a
2004-03-04,Feminino,"Pardo(a),Mulato(a)",Não,BRASILEIRO,BARRA DO GARCAS,MT,20232,AFASTAMENTO POR BLOQUEIO DE MATRICULA,2024-01-09,20191,20221,INGRESSO POR PROCESSO SELETIVO ENEM (SISU),0.0,0.4,"L2 - Renda igual ou inferior 1,5 salário mínimo e estudante preto pardo ou indígena de esc. pública",ecba895eadcfd7c2105add753e55699ad8d8cf3e3193c454acc85340f379e51c
1994-12-24,Masculino,Branca,Não,BRASILEIRO,VOTUPORANGA,SP,20232,MATRICULADO NO PERÍODO,2023-11-16,20191,20191,INGRESSO POR PROCESSO SELETIVO ENEM (SISU),81.3,4.96,Ampla Concorrência,117d2106ef2785809ba106cc9ea3f00fb2c0242633a58e1fc73b25e10214139e
1998-03-05,Masculino,Branca,Não,BRASILEIRO,TRINDADE,GO,20232,AFASTAMENTO POR BLOQUEIO DE MATRICULA,2024-01-09,20191,20191,INGRESSO POR PROCESSO SELETIVO ENEM (SISU),0.0,0.0,Ampla Concorrência,b773d5dcffe4a9a479d4cd0beebf78df9605a20ca0595f8ba04aad559fb988a3
1977-02-02,Masculino,Branca,Não,BRASILEIRO,IPORA,GO,20232,AFASTAMENTO POR BLOQUEIO DE MATRICULA,2024-01-09,20191,20181,INGRESSO POR PROCESSO SELETIVO ENEM (SISU),0.0,0.0,L5 - Estudante de escola pública,b0bda25922efb7de19802a506d498f99220d225e9528f80bd06b62928e0a5982
1999-01-22,Masculino,Negra,Não,BRASILEIRO,BARRA DO GARCAS,MT,20232,MATRICULADO NO PERÍODO,2023-11-16,20191,20181,INGRESSO POR PROCESSO SELETIVO ENEM (SISU),19.4,3.1,"L2 - Renda igual ou inferior 1,5 salário mínimo e estudante preto pardo ou indígena de esc. pública",888e3a031602301039ca17fccc263dbfde3b03632bb1ebeff51730fb11f6df5f
2000-07-31,Masculino,Branca,Não,BRASILEIRO,MINEIROS,GO,20232,AFASTAMENTO POR BLOQUEIO DE MATRICULA,2024-01-09,20191,20181,INGRESSO POR PROCESSO SELETIVO ENEM (SISU),12.0,2.64,L5 - Estudante de escola pública,e3ee430946c2111fa167fbf1c6452f71e956dea7f303ff014c82121d94b58387
2002-06-09,Masculino,"Pardo(a),Mulato(a)",Não,BRASILEIRO,ARAGUAINA,TO,20232,MATRICULADO NO PERÍODO,2023-11-16,20191,20201,INGRESSO POR PROCESSO SELETIVO ENEM (SISU),46.8,5.86,Ampla Concorrência,6f49aecb4ebebdcda83e2ceeb9a76e2aefe36acd006f5c3ef4f0b46d9085a631
2003-10-21,Masculino,"Pardo(a),Mulato(a)",Não,BRASILEIRO,BARRA DO GARCAS,MT,20232,AFASTAMENTO POR BLOQUEIO DE MATRICULA,2024-01-09,20191,20221,INGRESSO POR PROCESSO SELETIVO ENEM (SISU),22.9,2.69,L6 - Estudante preto pardo ou indígena de escola pública,dd193362685f89275458e8bac8f769d651402756ef637478f06766e888333ef2
2002-04-03,Masculino,"Pardo(a),Mulato(a)",Não,BRASILEIRO,CONFRESA,MT,20232,AFASTAMENTO POR BLOQUEIO DE MATRICULA,2024-01-09,20191,20201,INGRESSO POR PROCESSO SELETIVO ENEM (SISU),13.3,2.73,Ampla Concorrência,44eb540916def9cfc39c1a45789cdcacbd82d492789c0b9b4fd570dbb5d896e1
2000-10-11,Masculino,"Pardo(a),Mulato(a)",Não,BRASILEIRO,BARRA DO GARCAS,MT,20232,MATRICULADO NO PERÍODO,2023-11-23,20191,20231,INGRESSO POR PROCESSO SELETIVO ESPECÍFICO,0.0,0.05,L5 - Estudante de escola pública,3ca86e67ea10ffbb255c7328629e304cf487525984f19df47d0b9823ee478aaa
2002-04-13,Masculino,Branca,Não,BRASILEIRO,BARRA DO GARCAS,MT,20232,AFASTAMENTO POR BLOQUEIO DE MATRICULA,2024-01-09,20191,20201,INGRESSO POR PROCESSO SELETIVO ENEM (SISU),0.0,0.14,"L1 - Renda igual ou inferior 1,5 salário mínimo e estudante de escola pública",123d93af609778a786be4ce86d3b05b8e767579a15bf5a021fc822f6a8de42c8
2000-12-30,Masculino,"Pardo(a),Mulato(a)",Não,BRASILEIRO,BARRA DO GARCAS,MT,20232,MATRICULADO NO PERÍODO,2023-11-16,20191,20201,INGRESSO POR PROCESSO SELETIVO ENEM (SISU),90.3,7.01,L6 - Estudante preto pardo ou indígena de escola pública,f43500654d67cd76d5f3d226d6bdf27a87171573aea81c0d1b13f5ef2a0627ad
2002-03-07,Masculino,Branca,Não,BRASILEIRO,JUSSARA,GO,20232,AFASTAMENTO POR BLOQUEIO DE MATRICULA,2024-01-09,20191,20201,INGRESSO POR PROCESSO SELETIVO ENEM (SISU),0.0,0.0,Ampla Concorrência,dc999d125590ab2124ae09f1c7c2ef1f676ebc51cac0142d994129c398b3a66a
2002-10-17,Masculino,"Pardo(a),Mulato(a)",Não,BRASILEIRO,BARRA DO GARCAS,MT,20232,MATRICULADO NO PERÍODO,2023-11-16,20191,20211,INGRESSO POR PROCESSO SELETIVO ENEM (SISU),25.9,2.7,Ampla Concorrência,51d4ba36b628458c0f5c34909836546f2df39327ce1f90715e0bbc4ce9a6e5cc
2004-11-21,Masculino,"Pardo(a),Mulato(a)",Não,BRASILEIRO,ARAGARCAS,GO,20232,MATRICULADO NO PERÍODO,2023-11-16,20191,20231,INGRESSO POR PROCESSO SELETIVO ENEM (SISU),0.0,1.3,L6 - Estudante preto pardo ou indígena de escola pública,99816e581ade7cab8a42c4187df5caf02a72683d2e03323831fe72408b88d7b6
2004-02-03,Feminino,Negra,Não,BRASILEIRO,BRASILIA,DF,20232,AFASTAMENTO POR TRANCAMENTO DE MATRICULA,2023-12-01,20191,20231,INGRESSO POR PROCESSO SELETIVO ENEM (SISU),0.0,1.94,L6 - Estudante preto pardo ou indígena de escola pública,b025ebbd1c8f0cc00291365bf55d50a5eb416c6808d3c176296451955a9ad0a8
